"Header","Source"
"Экспорт и импорт России по товарам и странам","http://ru-stat.com/"
"Внешняя торговля России — Википедия","https://ru.wikipedia.org/wiki/%D0%92%D0%BD%D0%B5%D1%88%D0%BD%D1%8F%D1%8F_%D1%82%D0%BE%D1%80%D0%B3%D0%BE%D0%B2%D0%BB%D1%8F_%D0%A0%D0%BE%D1%81%D1%81%D0%B8%D0%B8"
"Видео: Импорт VS свое производство в России","https://brokeram.ru/import/chto-importiruet-rossiya.html"
"Как организовать импорт товаров в Россию и хорошо на...","https://vvs-info.ru/helpful_information/poleznaya-informatsiya/import-tovarov-v-rossiyu/"
"Импорт в Россию — Documentation","http://newsruss.ru/doc/index.php/%D0%98%D0%BC%D0%BF%D0%BE%D1%80%D1%82_%D0%A0%D0%BE%D1%81%D1%81%D0%B8%D0%B8"
"Документы, необходимые при импорте товаров в Россию","https://GeneralImport.ru/stati/dokumenty-neobkhodimye-pri-importe-tovarov-v-rossiyu/"
"Внешняя торговля::Федеральная служба государственной...","http://www.gks.ru/wps/wcm/connect/rosstat_main/rosstat/ru/statistics/ftrade/"
"ИМПОРТ РОССИИ.","http://www.customs.ru/index.php?%20option=com_content&view=article&id=26274:20"
"Импорт в Россию — смотрите картинки","//yandex.ru/images/search?text=%D0%B8%D0%BC%D0%BF%D0%BE%D1%80%D1%82%20%D0%B2%20%D0%A0%D0%BE%D1%81%D1%81%D0%B8%D1%8E&stype=image&lr=37141&parent-reqid=1550590793118120-1085699949481574462183084-vla1-3606&source=wiz"
"Импорт России в 2017 году составил 226 966 млн долл.","http://russian-trade.com/reports-and-reviews/2018-03/vneshnyaya-torgovlya-rossii-v-2017-godu/"
"Импорт в Россию","https://StudFiles.net/preview/6172744/page:3/"
"Услуги международного экспорта и импорта товаров...","http://yabs.yandex.ru/count/U_3Wu-NZt4S50Em148AOW10nIIDiN000000u1404I09Wl0Xe173KrBco1e010OW1Yj0aa060r_UV-Sh6ZGUW0OhBsySmg07CYidKCBW1kFxQjHh00LpO0OAUw1NW0OYufXNe0MIW0i2DnnR00ehG9DW20l02mTRLXmNu0f3nWkQbm_p0OfW3wRqXg0CQi0C4k0J_0UW4jrNu1C2Z48W5mACGa0MLnoQW1TBx1AW5sf44i0NQaGIu1Thc2S05e9iho0MW_WhW1GNe1G7m1G6O1hI0qf4Ae0O2g0O2gGV_YM0GA8AY2R07W82ODD073jW71-07XWhn1uwG4N9xMN8U-0S1W0W1q0YKWf21n9200k08uCQZ2u0A0PWA-TmgmGe00000003mFzWA0k0AW8bw-0g0jHYg2n32uZUQ_ua002E3R0r1WWK0sGl_YM0GA8AY2UWBmACGY0oafDw-0UWC0U0D0uaEm_KeN8_2jJ-G3i24FPWEoUxWyARcX8WGe0x0X3sm3W7O3WMX3yFrA5oFmhK_sGzf6U6kButiF-0F0O0GmQIY4f0GbhpovURnWDLscX094G0000000F0_o104q12tbAzV-13___________y1W142Y141a141eH400000003mFwWHm8Gzi141?q=%D0%B8%D0%BC%D0%BF%D0%BE%D1%80%D1%82+%D0%B2+%D1%80%D0%BE%D1%81%D1%81%D0%B8%D1%8E"
"Анализ импорта - точные данные! / vvs-info.ru","http://yabs.yandex.ru/count/U_3WuoKNdKu50Du148AOW10nIIDiN000000u1404I09Wl0Xe172kpFh00u010OW1mTVwz3IG0QIqlx8ec07OefdA9hW1mgBna1V00LpO0TRKrH7W0V21nmFe0JQW0h2kkWJ00WlO0WBm0i7MrOS5-0AGyOBcfSFym6AO0vlO8Q031AW36h031B040RW4_07e18fd-0IqsGY81RJP2905nlmQe0NOqmAe1OcR0h05YPi2k0NYxGR01SET7SW5dhS7u0K5w0K1y0K1c0Q6t9ld1Q060gW60ga7_ubW42Y2eWcm1u20c3JG1nRO1mVW1uOAyGUEa15oUrbo7lW70O080T08b8A0WSIIW0BW29YNdGA02W6O2hcD1i4A00000000y3_O2WBW2e29UlWAWBKOgWiGmk8tcl-9000ZWsmDGO850DaB_ubW42Y2eWde2xJP28WCqAJUlW7e307W3GE93WQVvkH59h0_a0x0X3sO3idkuF2cveI84A0Em8Gzi0u1s0u5eG_3zIXSZyArFzaFp3WdH4g7xJ_W3m604FZtfW-G49QyykNcyO3LTfeG2H400000003mF_WG____________0O0H0eWH0P0H0Q4H00000000y3-e4S24FR0H0G00?q=%D0%B8%D0%BC%D0%BF%D0%BE%D1%80%D1%82+%D0%B2+%D1%80%D0%BE%D1%81%D1%81%D0%B8%D1%8E"
"Виза в Россию из Германии. Какие – есть 10 вариантов","http://yabs.yandex.ru/count/U_3WunXUDXW50Ea148AOW10nIIDiN000000u1404I09Wl0Xe173CqPpW2O01wy7Me0M80RwV_jeTa07wfPE55fW1gEJ6jnYu0R3Vbw4Gm05Ss06WzFm8u07qWhm7w06Q0Q02rAYK1jW20l02mTRLXmNu0f3nWkQbm_p0Oe03YCgacWA80vk4lwy3c0ETmH-W0mQe0ngm0mIm106u1Fy1w0IvDlW4Z-GEY0MFv0wG1VsvAw05eS44g0M6uGEm1ORX0xW5Y8OBm0NzkIl81OY62-051UW50V050PW6c8Mfz0IW1WAe1WAf1_-9O10eWg89i0U0W9Wqq0S2u0U62l47Zf0HSdjPSXxu1m60207G29I2W860a802u0Ygb8e3W0e1mGe00000003mFzWA0k0AW8bw-0g0jHYg2n32uZUQ_ua002E3R0r1WWK0sGl_YM0GA8AY2UWBZ-GEY0oMsDw-0UWC0U0D0uaElZ2PAXYLh3-G3i24FPWEoUxWyARcX8WGe0x0X3sm3W7O3WMX3yFrA5oFmhK_sGy00000003mF-0F0O0G_l632P0GbhpovURnWDLscX094G0000000F0_o102-13___________y1W142Y141a141eH400000003mFwWHm8Gzi141?q=%D0%B8%D0%BC%D0%BF%D0%BE%D1%80%D1%82+%D0%B2+%D1%80%D0%BE%D1%81%D1%81%D0%B8%D1%8E"
"Импорт из Ирана – Импорт товаров из Ирана","http://yabs.yandex.ru/count/U_3WuwuEB5u50DK148AOW10nIIDiN000000u1404I09Wl0Xe173kx_JH2e010OW1hjVpe3AG0OgUil8jc06iv8MyAxW1visrXXd00LpO0O2ph1FW0PxygnFe0QW1e0Acp8OJm08Bs082y0B1rjM71VW2aF62vgN3_C1Yc0EVyIwW0mYe0ngm0mJe1AXH-0IBYmE81OkB0v05jzW8e0N4UAW5kMIm1Rbak0NfcWB01Rsp2SW5_B42u0K5w0K1y0K1c0QKjB2P0Q060gW60ga7_ubW42Y2eWcm1u20c3JG1nRO1mVW1uOAyGUEa15oUrbo7lW70O080T08b8A0WSIIW0BW29Ecmmc02W6O2hcD1i4A00000000y3_O2WBW2e29UlWAWBKOgWiGmk8tcl-9000ZWsmDGO850DaB_ubW42Y2eWde2ukB0uWCdfZUlW7e307W3GE93cWWbiqSage_a0x0X3sO3idkuF2cveI84A0Em8Gzi0u1s0u5eG_3zIXSZyArFzaF4FYVin-KxJ_W3m604EB3lX2G49QyykNcyO3LTfeG2H400000003mF_WG____________0O0H0eWH0P0H0Q4H00000000y3-e4S24FR0H0G00?q=%D0%B8%D0%BC%D0%BF%D0%BE%D1%80%D1%82+%D0%B2+%D1%80%D0%BE%D1%81%D1%81%D0%B8%D1%8E"
